Keyword,Intent,Volume,Keyword Difficulty,CPC (USD),SERP Features
lace fabric,"Informational, Transactional",6600,23,0.34,"Sitelinks, Image, Image pack, Video, Related searches, Popular products"
lace lace fabric,"Informational, Transactional",2900,20,0.34,"Sitelinks, Image, Video, Related searches, Popular products"
black lace fabric,"Informational, Transactional",1300,18,0.34,"Sitelinks, Image, Image pack, Video, People also ask, Related searches, Popular products"
lace fabric by the yard,"Informational, Transactional",1000,21,0.29,"Sitelinks, Image, Video, Related searches, Popular products"
chantilly lace fabric,"Informational, Transactional",880,3,0.44,"Sitelinks, AI Overview, Image, Image pack, Video, Related searches, Popular products"
lace cloth fabric,"Informational, Transactional",880,2,0.31,"Sitelinks, Image, Image pack, Video, Explore brands, Related searches, Popular products, Things to know"
white lace fabric,"Informational, Transactional",880,8,0.32,"Sitelinks, Image, Image pack, Video, Video carousel, Related searches, Popular products"
cotton lace fabric,"Informational, Transactional",590,4,0.30,"Sitelinks, Image, Image pack, Video, People also ask, Explore brands, Related searches, Popular products"
fabric lace,Transactional,590,21,0.31,"Sitelinks, Image, Image pack, Video, People also ask, Knowledge panel, Related searches, Popular products"
lace fabrics,"Informational, Transactional",480,19,0.27,"Sitelinks, Image, Video, Related searches, Popular products"
stretch lace fabric,"Informational, Transactional",480,13,0.37,"Sitelinks, Image, Image pack, Video, Explore brands, Related searches, Popular products"
white lace fabric material,Informational,480,7,0.32,"Sitelinks, Image, Image pack, Video, People also ask, Related searches, Popular products"
embroidered lace fabric,Commercial,390,15,0.23,"Sitelinks, Image, Video, Video carousel, Related searches, Popular products, Ads bottom"
fabric and lace,Commercial,390,31,0.34,"Sitelinks, Image, Video, Video carousel, Local pack, Related searches"
fabric lace material,Transactional,390,24,0.27,"Sitelinks, Image, Video, Related searches, Popular products"
floral lace fabric,Transactional,390,21,0.25,"Sitelinks, Image, Image pack, Video, People also ask, Knowledge panel, Related searches, Popular products"
joann fabrics fond du lac,Informational,390,18,0.00,"Image, Image pack, Video, People also ask, Knowledge panel, Related searches"
pink lace fabric,"Informational, Transactional",390,6,0.33,"Sitelinks, Image, Image pack, Video, Related searches, Popular products"
red lace fabric,"Informational, Transactional",390,10,0.36,"Sitelinks, Image, Image pack, Video, People also ask, Related searches, Popular products"
lace fabric near me,Transactional,320,37,0.35,"Sitelinks, Image, Video, Local pack, Related searches, Popular products"
lace silk fabric,Commercial,320,9,0.41,"Image, Image pack, Video, People also ask, Related searches, Popular products"
african lace fabric,Commercial,260,11,0.24,"Sitelinks, Image, Image pack, Video, Local pack, Related searches, Popular products"
beaded lace fabric,Commercial,260,12,0.35,"Sitelinks, Image, Image pack, Video, Local pack, Related searches, Popular products"
bridal lace fabric,Commercial,260,14,0.32,"Sitelinks, Image, Video, Local pack, Knowledge panel, Discussions and forums, Related searches, Popular products"
fabric white lace,"Informational, Transactional",260,3,0.39,"Sitelinks, Image, Image pack, Video, Related searches, Popular products"
flower lace fabric,"Informational, Transactional",260,9,0.31,"Sitelinks, Image, Image pack, Video, Explore brands, Related searches, Popular products"
gold lace fabric,"Informational, Transactional",260,8,0.33,"Sitelinks, Image, Image pack, Video, People also ask, Explore brands, Related searches, Popular products"
green lace fabric,"Informational, Transactional",260,4,0.37,"Sitelinks, Image, Image pack, Video, Related searches, Popular products"
lace fabric material,"Informational, Transactional",260,15,0.27,"Sitelinks, Image, Image pack, Video, People also ask, Related searches, Popular products, Things to know"
lace white fabric,"Informational, Commercial",260,3,0.39,"Sitelinks, Image, Image pack, Video, Related searches, Popular products"
skull lace fabric,"Informational, Transactional",260,22,0.23,"Sitelinks, Image, Image pack, Video, Related searches, Popular products"
bridal fabric lace,Commercial,210,11,0.32,"Sitelinks, Image, Video, People also ask, Related searches, Popular products"
cotton fabric lace,"Informational, Commercial",210,2,0.30,"Sitelinks, Image, Image pack, Video, Related searches, Popular products, Ads bottom"
lace fabric for dresses,"Informational, Transactional",210,26,0.20,"Sitelinks, Image, Image pack, Video, Local pack, Related searches, Popular products"
lace fabric for wedding dresses,Commercial,210,16,0.24,"Sitelinks, Image, Image pack, Video, Video carousel, Local pack, Related searches, Popular products"
lace material fabric,"Informational, Transactional",210,13,0.28,"Sitelinks, Image, Image pack, Video, People also ask, Related searches, Popular products"
silk lace fabric,Commercial,210,5,0.46,"Image, Image pack, Video, Related searches, Popular products"
black lace fabric by the yard,"Informational, Transactional",170,10,0.32,"Sitelinks, Image, Image pack, Video, People also ask, Related searches, Popular products, Ads bottom"
blue lace fabric,"Informational, Commercial",170,6,0.32,"Sitelinks, Image, Image pack, Video, Related searches, Popular products"
bridal fabrics and lace,Commercial,170,25,0.32,"Sitelinks, Image, Video, Knowledge panel, Related searches"
brown lace fabric,Transactional,170,6,0.29,"Sitelinks, Image, Image pack, Video, Related searches, Popular products"
embroidery fabric lace,Commercial,170,3,0.24,"Sitelinks, Image, Image pack, Video, Video carousel, People also ask, Related searches, Popular products"
guipure lace fabric,Commercial,170,3,0.33,"Sitelinks, Image, Image pack, Video, People also ask, Related searches, Popular products, Ads bottom"
lace fabric stretch,Transactional,170,0,0.32,"Sitelinks, Image, Image pack, Video, People also ask, Related searches, Popular products"
lace fabric wedding,"Informational, Transactional",170,7,0.32,"Sitelinks, Image, Image pack, Video, Related searches, Popular products"
lace pink fabric,"Informational, Commercial",170,1,0.33,"Sitelinks, Image, Image pack, Video, Related searches, Popular products"
lace trim fabric,"Informational, Transactional",170,6,0.25,"Sitelinks, Image, Image pack, Video, Related searches, Popular products"
purple lace fabric,"Informational, Transactional",170,6,0.31,"Sitelinks, Image, Image pack, Video, Related searches, Popular products"
red fabric lace,Transactional,170,3,0.33,"Sitelinks, Image, Image pack, Video, People also ask, Related searches, Popular products"
sequin lace fabric,"Informational, Transactional",170,0,0.40,"Sitelinks, Image, Image pack, Video, Related searches, Popular products"
spider web lace fabric,"Informational, Commercial",170,12,0.36,"Sitelinks, Image, Image pack, Video, Related searches, Popular products"
stretchable lace fabric,Transactional,170,4,0.34,"Image, Image pack, Video, Related searches, Popular products"
types of lace fabric,Informational,170,22,0.00,"Sitelinks, AI Overview, Image, Video, Discussions and forums, Related searches, Popular products"
venetian lace fabric,"Informational, Transactional",170,5,0.32,"Sitelinks, Image, Image pack, Video, Video carousel, People also ask, Related searches, Popular products"
venice lace fabric,"Informational, Transactional",170,6,0.32,"Sitelinks, AI Overview, Image, Image pack, Video, People also ask, Related searches, Popular products"
venise lace fabric,"Informational, Transactional",170,9,0.32,"Sitelinks, Image, Image pack, Video, People also ask, Related searches, Popular products"
vintage lace fabric,"Informational, Transactional",170,6,0.21,"Sitelinks, Image, Image pack, Video, Related searches, Popular products"
white fabric lace,"Informational, Transactional",170,3,0.32,"Sitelinks, Image, Image pack, Video, Related searches, Popular products"
burgundy lace fabric,"Informational, Transactional",140,9,0.39,"Sitelinks, Image, Image pack, Video, Related searches, Popular products"
dress fabric lace,Commercial,140,23,0.34,"Sitelinks, Image, Image pack, Video, Related searches, Popular products"
embroidered fabric lace,Transactional,140,0,0.24,"Sitelinks, Image, Image pack, Video, People also ask, Related searches, Popular products"
embroidery on lace fabric,Commercial,140,23,0.24,"Sitelinks, Image, Image pack, Video, Video carousel, People also ask"
fabric with lace,Commercial,140,18,0.27,"Sitelinks, Image, Image pack, Video, People also ask, Related searches, Popular products"
fabrics lace,"Informational, Transactional",140,15,0.27,"Sitelinks, Image, Video, Related searches, Popular products"
fond du lac joann fabrics,Informational,140,9,0.00,"Image, Image pack, Video, People also ask, Knowledge panel, Related searches"
gold lace fabric material,"Informational, Commercial",140,7,0.33,"Sitelinks, Image, Image pack, Video, People also ask, Explore brands, Related searches, Popular products"
ivory lace fabric,"Informational, Transactional",140,4,0.29,"Sitelinks, Image, Image pack, Video, Related searches, Popular products"
lace and sequin fabric,"Informational, Transactional",140,0,0.48,"Sitelinks, Image, Video, Related searches, Popular products"
lace curtain fabric,Transactional,140,7,0.35,"Sitelinks, Image, Image pack, Video, Related searches, Popular products"
lace fabric embroidered,"Informational, Transactional",140,9,0.24,"Sitelinks, Image, Image pack, Video, Popular products"
lace fabric wholesale,Commercial,140,13,0.42,"Sitelinks, Image, Image pack, Video, People also ask, Related searches, Popular products"
swiss lace fabric,"Informational, Transactional",140,0,0.36,"Sitelinks, Image, Image pack, Video, Related searches, Popular products, Ads bottom"
where to buy lace fabric,Transactional,140,26,0.32,"Sitelinks, Image, Video, Local pack, Discussions and forums, Related searches, Popular products"
white lace fabric by the yard,"Informational, Transactional",140,0,0.35,"Sitelinks, Image, Image pack, Video, Related searches, Popular products"
white lace material fabric,"Informational, Commercial",140,2,0.32,"Sitelinks, Image, Image pack, Video, Related searches, Popular products"
african fabric lace material,Commercial,110,0,0.24,"Sitelinks, Image, Image pack, Video, Related searches, Popular products"
antique lace fabric,"Informational, Transactional",110,3,0.20,"Sitelinks, Image, Image pack, Video, Video carousel, People also ask, Related searches, Popular products"
beige lace fabric,"Informational, Commercial",110,1,0.46,"Sitelinks, Image, Image pack, Video, Related searches, Popular products"
black lace material fabric,"Informational, Transactional",110,12,0.39,"Sitelinks, Image, Image pack, Video, Related searches, Popular products"
black stretch lace fabric,"Informational, Transactional",110,9,0.44,"Sitelinks, Image, Image pack, Video, Popular products"
cotton lace fabric for dress,Commercial,110,0,0.00,"Sitelinks, Image, Image pack, Video, Discussions and forums, Popular products"
crochet lace fabric,Commercial,110,5,0.32,"Sitelinks, Image, Image pack, Video, Related searches, Popular products"
embroidered lace fabric by the yard,Commercial,110,0,0.19,"Sitelinks, Image, Image pack, Video, Related searches, Popular products"
eyelet lace fabric,"Informational, Transactional",110,5,0.41,"Sitelinks, Image, Image pack, Video, Related searches, Popular products"
fabric black lace,"Informational, Transactional",110,9,0.39,"Sitelinks, Image, Image pack, Video, Related searches, Popular products"
fabric lace by the yard,"Informational, Transactional",110,10,0.29,"Sitelinks, Image, Video, Related searches, Popular products"
fabric lace trim,Commercial,110,1,0.24,"Sitelinks, Image, Image pack, Video, Related searches, Popular products"
gothic lace fabric,"Informational, Transactional",110,21,0.30,"Sitelinks, Image, Image pack, Video, Related searches, Popular products"
how to sew lace onto fabric,Informational,110,14,0.00,"Sitelinks, AI Overview, Image pack, Video, Video carousel, Short videos, People also ask, Discussions and forums, Related searches"
how to sew lace trim onto fabric,Informational,110,31,0.00,"Sitelinks, Image, Image pack, Video, Video carousel, Short videos, Discussions and forums, Related searches"
kinds of lace fabric,"Informational, Commercial",110,20,0.00,"Sitelinks, AI Overview, Image, Video, Related searches, Popular products"
lace applique fabric,Commercial,110,8,0.27,"Sitelinks, Image, Image pack, Video, Video carousel, Related searches, Popular products"
lace fabric dress,Commercial,110,12,0.20,"Sitelinks, Image, Image pack, Video, Video carousel, Discussions and forums, Related searches"
lace fabric floral,"Informational, Transactional",110,15,0.31,"Sitelinks, Image, Image pack, Video, Video carousel, Popular products"
lace for fabric,Commercial,110,26,0.34,"Sitelinks, Image, Image pack, Video, Video carousel, Local pack, Related searches, Popular products"
lace spider web fabric,"Informational, Transactional",110,20,0.36,"Sitelinks, Image, Image pack, Video, Related searches, Popular products"
navy blue lace fabric,"Informational, Commercial",110,10,0.43,"Sitelinks, Image, Image pack, Video, Related searches, Popular products"
organza lace fabric,"Informational, Transactional",110,12,0.33,"Sitelinks, Image, Image pack, Video, People also ask, Popular products"
red fabric lace high quality,"Informational, Transactional",110,1,0.00,"Sitelinks, Image, Video, Related searches, Popular products"
sequin fabric lace,"Informational, Commercial",110,2,0.48,"Sitelinks, Image, Image pack, Video, Related searches, Popular products"
